7623,56.0,28.9,2024-06-20 00:54:33.369276
7622,55.9,28.9,2024-06-20 00:54:32.352174
7621,55.9,28.9,2024-06-20 00:54:31.335710
7620,55.9,28.9,2024-06-20 00:54:30.327199
7619,55.9,28.9,2024-06-20 00:54:29.310959
7618,55.6,28.8,2024-06-20 00:54:28.297124
7617,55.6,28.8,2024-06-20 00:54:27.292282
7616,55.6,28.8,2024-06-20 00:54:26.286988
7615,55.6,28.8,2024-06-20 00:54:25.273132
7614,55.7,28.9,2024-06-20 00:54:24.264269
7613,55.7,28.9,2024-06-20 00:54:23.254872
7612,55.8,28.9,2024-06-20 00:54:22.240505
7611,55.8,28.9,2024-06-20 00:54:21.201622
7610,55.8,28.9,2024-06-20 00:54:20.189129
7609,55.8,28.9,2024-06-20 00:54:19.169271
7608,55.8,28.9,2024-06-20 00:54:18.150790
7607,55.8,28.9,2024-06-20 00:54:17.135040
7606,55.7,28.9,2024-06-20 00:54:16.120661
7605,55.7,28.9,2024-06-20 00:54:15.111499
7604,55.7,28.9,2024-06-20 00:54:14.083140
7603,55.7,28.9,2024-06-20 00:54:13.065107
7602,55.8,28.9,2024-06-20 00:54:12.060271
7601,55.8,28.9,2024-06-20 00:54:10.945628
7600,55.9,28.9,2024-06-20 00:54:09.885201
7599,55.9,28.9,2024-06-20 00:54:08.874157
7598,55.9,28.9,2024-06-20 00:54:07.863568
7597,55.9,28.9,2024-06-20 00:54:06.852773
7596,55.9,28.9,2024-06-20 00:54:05.782736
7595,55.9,28.9,2024-06-20 00:54:04.762919
7594,55.9,28.9,2024-06-20 00:54:03.748110
7593,55.9,28.9,2024-06-20 00:54:02.730087
7592,55.8,28.9,2024-06-20 00:54:01.710488
7591,55.8,28.9,2024-06-20 00:54:00.699446
7590,55.9,28.9,2024-06-20 00:53:59.689053
7589,55.9,28.9,2024-06-20 00:53:58.677642
7588,55.9,28.9,2024-06-20 00:53:57.664910
7587,55.9,28.9,2024-06-20 00:53:56.651599
7586,55.7,28.8,2024-06-20 00:53:55.633486
7585,55.7,28.8,2024-06-20 00:53:54.610743
7584,55.7,28.8,2024-06-20 00:53:53.597797
7583,55.7,28.8,2024-06-20 00:53:52.585525
7582,55.7,28.9,2024-06-20 00:53:51.563395
7581,55.7,28.9,2024-06-20 00:53:50.540942
7580,55.8,28.9,2024-06-20 00:53:49.523051
7579,55.8,28.9,2024-06-20 00:53:48.506940
7578,55.8,28.9,2024-06-20 00:53:47.495010
7577,55.8,28.9,2024-06-20 00:53:46.483496
7576,55.8,28.9,2024-06-20 00:53:45.468872
7575,55.8,28.9,2024-06-20 00:53:44.453410
7574,55.8,28.9,2024-06-20 00:53:43.430248
7573,55.8,28.9,2024-06-20 00:53:42.407628
7572,55.8,28.9,2024-06-20 00:53:41.394524
7571,55.8,28.9,2024-06-20 00:53:40.383646
7570,55.8,28.9,2024-06-20 00:53:39.372841
7569,55.8,28.9,2024-06-20 00:53:38.357435
7568,55.7,28.9,2024-06-20 00:53:37.345451
7567,55.7,28.9,2024-06-20 00:53:36.323306
7566,55.8,28.9,2024-06-20 00:53:35.307004
7565,55.8,28.9,2024-06-20 00:53:34.286935
7564,55.8,28.9,2024-06-20 00:53:33.277336
7563,55.8,28.9,2024-06-20 00:53:32.255849
7562,55.8,28.9,2024-06-20 00:53:31.243168
7561,55.8,28.9,2024-06-20 00:53:30.217286
7560,55.7,28.9,2024-06-20 00:53:29.200729
7559,55.7,28.9,2024-06-20 00:53:28.177603
7558,55.7,28.9,2024-06-20 00:53:27.168133
7557,55.7,28.9,2024-06-20 00:53:26.147538
7556,55.6,28.9,2024-06-20 00:53:25.127705
7555,55.6,28.9,2024-06-20 00:53:24.117764
7554,55.6,28.9,2024-06-20 00:53:23.103173
7553,55.6,28.9,2024-06-20 00:53:22.085632
7552,55.5,28.9,2024-06-20 00:53:21.076343
7551,55.5,28.9,2024-06-20 00:53:20.062497
7550,55.5,28.9,2024-06-20 00:53:19.043595
7549,55.5,28.9,2024-06-20 00:53:18.029342
7548,55.5,28.9,2024-06-20 00:53:16.996617
7547,55.5,28.9,2024-06-20 00:53:15.984694
7546,55.5,28.9,2024-06-20 00:53:14.965809
7545,55.5,28.9,2024-06-20 00:53:13.954800
7544,55.6,29.0,2024-06-20 00:53:12.943550
7543,55.6,29.0,2024-06-20 00:53:11.926352
7542,55.6,28.9,2024-06-20 00:53:10.916342
7541,55.6,28.9,2024-06-20 00:53:09.903592
7540,55.9,29.0,2024-06-20 00:53:08.892083
7539,55.9,29.0,2024-06-20 00:53:07.881328
7538,56.1,29.0,2024-06-20 00:53:06.871378
7537,56.1,29.0,2024-06-20 00:53:05.861846
7536,56.1,29.0,2024-06-20 00:53:04.852639
7535,56.1,29.0,2024-06-20 00:53:03.839185
7534,56.0,29.0,2024-06-20 00:53:02.829540
7533,56.0,29.0,2024-06-20 00:53:01.816671
7532,55.8,28.9,2024-06-20 00:53:00.807233
7531,55.8,28.9,2024-06-20 00:52:59.792841
7530,55.7,28.9,2024-06-20 00:52:58.782304
7529,55.7,28.9,2024-06-20 00:52:57.770604
7528,55.8,29.0,2024-06-20 00:52:56.765361
7527,55.8,29.0,2024-06-20 00:52:55.755831
7526,55.6,28.9,2024-06-20 00:52:54.745105
7525,55.6,28.9,2024-06-20 00:52:53.697333
7524,55.6,28.9,2024-06-20 00:52:52.644158
7523,55.6,28.9,2024-06-20 00:52:51.626370
7522,55.7,29.0,2024-06-20 00:52:50.620713
7521,55.7,29.0,2024-06-20 00:52:49.604267
7520,55.6,28.9,2024-06-20 00:52:48.593515
7519,55.6,28.9,2024-06-20 00:52:47.587832
7518,55.6,29.0,2024-06-20 00:52:46.577362
7517,55.6,29.0,2024-06-20 00:52:45.136808
7516,55.7,29.0,2024-06-20 00:52:44.123636
7515,55.7,29.0,2024-06-20 00:52:43.100801
7514,55.7,29.0,2024-06-20 00:52:42.090379
7513,55.7,29.0,2024-06-20 00:52:41.070614
7512,55.8,29.0,2024-06-20 00:52:40.059087
7511,55.8,29.0,2024-06-20 00:52:39.025666
7510,55.8,29.0,2024-06-20 00:52:37.975237
7509,55.8,29.0,2024-06-20 00:52:36.963423
7508,55.8,29.0,2024-06-20 00:52:35.944947
7507,55.8,29.0,2024-06-20 00:52:34.934809
7506,55.9,29.0,2024-06-20 00:52:33.921186
7505,55.9,29.0,2024-06-20 00:52:32.907305
7504,55.9,29.0,2024-06-20 00:52:31.896397
7503,55.9,29.0,2024-06-20 00:52:30.883141
7502,56.0,29.0,2024-06-20 00:52:29.869260
7501,56.0,29.0,2024-06-20 00:52:28.854059
7500,56.0,29.0,2024-06-20 00:52:27.831072
7499,56.0,29.0,2024-06-20 00:52:26.816328
7498,56.0,29.0,2024-06-20 00:52:25.804210
7497,56.0,29.0,2024-06-20 00:52:24.648947
7496,55.9,29.0,2024-06-20 00:52:23.635706
7495,55.9,29.0,2024-06-20 00:52:22.616638
7494,55.9,29.0,2024-06-20 00:52:21.605172
7493,55.9,29.0,2024-06-20 00:52:20.601111
7492,55.8,28.9,2024-06-20 00:52:19.587466
7491,55.8,28.9,2024-06-20 00:52:18.569182
7490,55.7,28.9,2024-06-20 00:52:17.564478
7489,55.7,28.9,2024-06-20 00:52:16.555743
7488,55.7,28.9,2024-06-20 00:52:15.544800
7487,55.7,28.9,2024-06-20 00:52:14.533964
7486,55.8,29.0,2024-06-20 00:52:13.522345
7485,55.8,29.0,2024-06-20 00:52:12.508444
7484,55.8,29.0,2024-06-20 00:52:11.488136
7483,55.8,29.0,2024-06-20 00:52:10.477073
7482,55.7,28.9,2024-06-20 00:52:09.461181
7481,55.7,28.9,2024-06-20 00:52:08.449053
7480,55.7,28.9,2024-06-20 00:52:07.423167
7479,55.7,28.9,2024-06-20 00:52:06.397760
7478,55.9,29.0,2024-06-20 00:52:05.386955
7477,55.9,29.0,2024-06-20 00:52:04.375949
7476,56.1,29.0,2024-06-20 00:52:03.364592
7475,56.1,29.0,2024-06-20 00:52:02.354739
7474,56.0,29.0,2024-06-20 00:52:01.337775
7473,56.0,29.0,2024-06-20 00:52:00.322576
7472,55.9,29.0,2024-06-20 00:51:59.310625
7471,55.9,29.0,2024-06-20 00:51:58.296678
7470,55.8,29.0,2024-06-20 00:51:57.284657
7469,55.8,29.0,2024-06-20 00:51:56.273959
7468,55.8,29.0,2024-06-20 00:51:55.263239
7467,55.8,29.0,2024-06-20 00:51:54.250702
7466,56.0,29.0,2024-06-20 00:51:53.237876
7465,56.0,29.0,2024-06-20 00:51:52.222225
7464,56.0,29.0,2024-06-20 00:51:51.210552
7463,56.0,29.0,2024-06-20 00:51:50.199492
7462,56.1,29.0,2024-06-20 00:51:49.162968
7461,56.1,29.0,2024-06-20 00:51:48.099162
7460,56.1,29.0,2024-06-20 00:51:47.084285
7459,56.1,29.0,2024-06-20 00:51:46.069672
7458,56.1,29.0,2024-06-20 00:51:45.059630
7457,56.1,29.0,2024-06-20 00:51:44.049541
7456,56.2,29.0,2024-06-20 00:51:43.035372
7455,56.2,29.0,2024-06-20 00:51:42.024535
7454,56.3,29.0,2024-06-20 00:51:41.009017
7453,56.3,29.0,2024-06-20 00:51:39.992260
7452,56.4,29.0,2024-06-20 00:51:38.982052
7451,56.4,29.0,2024-06-20 00:51:37.973329
7450,56.4,29.0,2024-06-20 00:51:36.952057
7449,56.4,29.0,2024-06-20 00:51:35.937872
7448,56.2,28.9,2024-06-20 00:51:34.927124
7447,56.2,28.9,2024-06-20 00:51:33.916215
7446,56.1,29.0,2024-06-20 00:51:32.905757
7445,56.1,29.0,2024-06-20 00:51:31.889112
7444,56.0,28.9,2024-06-20 00:51:30.866207
7443,56.0,28.9,2024-06-20 00:51:29.853251
7442,56.0,28.9,2024-06-20 00:51:28.821156
7441,56.0,28.9,2024-06-20 00:51:27.795022
7440,56.0,28.9,2024-06-20 00:51:26.770242
7439,56.0,28.9,2024-06-20 00:51:25.754622
7438,55.8,28.9,2024-06-20 00:51:24.737158
7437,55.8,28.9,2024-06-20 00:51:23.725702
7436,55.9,29.0,2024-06-20 00:51:22.712700
7435,55.9,29.0,2024-06-20 00:51:21.695085
7434,56.0,28.9,2024-06-20 00:51:20.678268
7433,56.0,28.9,2024-06-20 00:51:19.663062
7432,56.1,28.9,2024-06-20 00:51:18.645057
7431,56.1,28.9,2024-06-20 00:51:17.625356
7430,56.2,29.0,2024-06-20 00:51:16.594984
7429,56.2,29.0,2024-06-20 00:51:15.569882
7428,56.2,28.9,2024-06-20 00:51:14.547185
7427,56.2,28.9,2024-06-20 00:51:13.534414
7426,56.2,29.0,2024-06-20 00:51:12.524533
7425,56.2,29.0,2024-06-20 00:51:11.511607
7424,56.1,28.9,2024-06-20 00:51:10.497448
7423,56.1,28.9,2024-06-20 00:51:09.438387
7422,56.0,28.9,2024-06-20 00:51:08.400105
7421,56.0,28.9,2024-06-20 00:51:07.383359
7420,56.1,29.0,2024-06-20 00:51:06.375413
7419,56.1,29.0,2024-06-20 00:51:05.079512
7418,56.1,28.9,2024-06-20 00:51:04.065555
7417,56.1,28.9,2024-06-20 00:51:03.056955
7416,56.2,28.9,2024-06-20 00:51:02.033574
7415,56.2,28.9,2024-06-20 00:51:01.019279
7414,56.3,28.9,2024-06-20 00:51:00.006104
7413,56.3,28.9,2024-06-20 00:50:58.995746
7412,56.4,29.0,2024-06-20 00:50:57.986773
7411,56.4,29.0,2024-06-20 00:50:56.975812
7410,56.5,29.0,2024-06-20 00:50:55.961377
7409,56.5,29.0,2024-06-20 00:50:54.942780
7408,56.4,29.0,2024-06-20 00:50:53.925527
7407,56.4,29.0,2024-06-20 00:50:52.913954
7406,56.3,28.9,2024-06-20 00:50:51.904217
7405,56.3,28.9,2024-06-20 00:50:50.889190
7404,56.4,29.0,2024-06-20 00:50:49.874422
7403,56.4,29.0,2024-06-20 00:50:48.862508
7402,56.5,29.0,2024-06-20 00:50:47.834363
7401,56.5,29.0,2024-06-20 00:50:46.815554
7400,56.4,28.9,2024-06-20 00:50:45.776334
7399,56.4,28.9,2024-06-20 00:50:44.767331
7398,56.4,28.9,2024-06-20 00:50:43.751354
7397,56.4,28.9,2024-06-20 00:50:42.735181
7396,56.4,28.9,2024-06-20 00:50:41.723889
7395,56.4,28.9,2024-06-20 00:50:40.714137
7394,56.4,28.9,2024-06-20 00:50:39.700211
7393,56.4,28.9,2024-06-20 00:50:38.684606
7392,56.4,28.9,2024-06-20 00:50:37.669060
7391,56.4,28.9,2024-06-20 00:50:36.651916
7390,56.4,28.9,2024-06-20 00:50:35.638457
7389,56.4,28.9,2024-06-20 00:50:34.629847
7388,56.4,28.9,2024-06-20 00:50:33.618693
7387,56.4,28.9,2024-06-20 00:50:32.609044
7386,56.3,28.9,2024-06-20 00:50:31.599144
7385,56.3,28.9,2024-06-20 00:50:30.588892
7384,56.2,28.8,2024-06-20 00:50:29.578917
7383,56.2,28.8,2024-06-20 00:50:28.568862
7382,56.2,28.9,2024-06-20 00:50:27.559177
7381,56.2,28.9,2024-06-20 00:50:26.545391
7380,56.2,28.9,2024-06-20 00:50:25.534629
7379,56.2,28.9,2024-06-20 00:50:24.518619
7378,56.1,28.9,2024-06-20 00:50:23.383403
7377,56.1,28.9,2024-06-20 00:50:22.160151
7376,56.2,28.9,2024-06-20 00:50:21.145225
7375,56.2,28.9,2024-06-20 00:50:20.140574
7374,56.2,28.9,2024-06-20 00:50:19.131761
7373,56.2,28.9,2024-06-20 00:50:18.121752
7372,56.1,28.9,2024-06-20 00:50:17.118960
7371,56.1,28.9,2024-06-20 00:50:16.108726
7370,56.1,28.9,2024-06-20 00:50:15.094869
7369,56.1,28.9,2024-06-20 00:50:14.080714
7368,56.3,28.9,2024-06-20 00:50:13.069858
7367,56.3,28.9,2024-06-20 00:50:12.057485
7366,56.4,28.9,2024-06-20 00:50:11.049697
7365,56.4,28.9,2024-06-20 00:50:09.987967
7364,56.3,28.9,2024-06-20 00:50:08.919047
7363,56.3,28.9,2024-06-20 00:50:07.904614
7362,56.2,28.9,2024-06-20 00:50:06.893561
7361,56.2,28.9,2024-06-20 00:50:05.876320
7360,56.2,28.9,2024-06-20 00:50:04.858168
7359,56.2,28.9,2024-06-20 00:50:03.828102
7358,56.3,28.9,2024-06-20 00:50:02.808218
7357,56.3,28.9,2024-06-20 00:50:01.790177
7356,56.3,28.9,2024-06-20 00:50:00.776945
7355,56.3,28.9,2024-06-20 00:49:59.767904
7354,56.2,28.9,2024-06-20 00:49:58.759277
7353,56.2,28.9,2024-06-20 00:49:57.748248
7352,56.1,28.9,2024-06-20 00:49:56.734308
7351,56.1,28.9,2024-06-20 00:49:55.721936
7350,56.0,28.9,2024-06-20 00:49:54.704817
7349,56.0,28.9,2024-06-20 00:49:53.687956
7348,56.0,28.9,2024-06-20 00:49:52.665162
7347,56.0,28.9,2024-06-20 00:49:51.655836
7346,56.1,28.9,2024-06-20 00:49:50.645617
7345,56.1,28.9,2024-06-20 00:49:49.634368
7344,56.2,29.0,2024-06-20 00:49:48.622834
7343,56.2,29.0,2024-06-20 00:49:47.611634
7342,56.3,29.0,2024-06-20 00:49:46.600816
7341,56.3,29.0,2024-06-20 00:49:45.586647
7340,56.3,28.9,2024-06-20 00:49:44.572372
7339,56.3,28.9,2024-06-20 00:49:43.562421
7338,56.5,29.0,2024-06-20 00:49:42.552449
7337,56.5,29.0,2024-06-20 00:49:41.541418
7336,56.6,28.9,2024-06-20 00:49:40.528669
7335,56.6,28.9,2024-06-20 00:49:39.509881
7334,56.6,28.9,2024-06-20 00:49:38.482069
7333,56.6,28.9,2024-06-20 00:49:37.458425
7332,56.8,29.0,2024-06-20 00:49:36.444448
7331,56.8,29.0,2024-06-20 00:49:35.418053
7330,56.8,29.0,2024-06-20 00:49:34.405772
7329,56.8,29.0,2024-06-20 00:49:33.392937
7328,56.9,29.0,2024-06-20 00:49:32.362072
7327,56.9,29.0,2024-06-20 00:49:31.190636
7326,56.8,28.9,2024-06-20 00:49:30.173825
7325,56.8,28.9,2024-06-20 00:49:29.163542
7324,56.8,28.9,2024-06-20 00:49:28.149392
7323,56.8,28.9,2024-06-20 00:49:27.138276
7322,56.7,28.9,2024-06-20 00:49:26.121556
7321,56.7,28.9,2024-06-20 00:49:25.104182
7320,56.8,28.9,2024-06-20 00:49:24.085088
7319,56.8,28.9,2024-06-20 00:49:23.076312
7318,56.7,28.9,2024-06-20 00:49:22.065416
7317,56.7,28.9,2024-06-20 00:49:21.038718
7316,56.7,28.9,2024-06-20 00:49:20.028436
7315,56.7,28.9,2024-06-20 00:49:19.015001
7314,56.7,28.9,2024-06-20 00:49:18.000557
7313,56.7,28.9,2024-06-20 00:49:16.980688
7312,56.5,28.8,2024-06-20 00:49:15.963104
7311,56.5,28.8,2024-06-20 00:49:14.952795
7310,56.5,28.8,2024-06-20 00:49:13.930815
7309,56.5,28.8,2024-06-20 00:49:12.913975
7308,56.6,28.9,2024-06-20 00:49:11.896863
7307,56.6,28.9,2024-06-20 00:49:10.891921
7306,56.6,28.9,2024-06-20 00:49:09.878238
7305,56.6,28.9,2024-06-20 00:49:08.865212
7304,56.6,28.9,2024-06-20 00:49:07.860556
7303,56.6,28.9,2024-06-20 00:49:06.844846
7302,56.6,28.9,2024-06-20 00:49:05.833982
7301,56.6,28.9,2024-06-20 00:49:04.826554
7300,56.7,28.9,2024-06-20 00:49:03.817106
7299,56.7,28.9,2024-06-20 00:49:02.806820
7298,56.8,28.9,2024-06-20 00:49:01.799374
7297,56.8,28.9,2024-06-20 00:49:00.787231
7296,56.9,28.9,2024-06-20 00:48:59.775052
7295,56.9,28.9,2024-06-20 00:48:58.769416
7294,56.8,28.9,2024-06-20 00:48:57.760343
7293,56.8,28.9,2024-06-20 00:48:56.747097
7292,56.8,28.9,2024-06-20 00:48:55.738171
7291,56.8,28.9,2024-06-20 00:48:54.720262
7290,56.7,28.9,2024-06-20 00:48:53.700096
7289,56.7,28.9,2024-06-20 00:48:52.585572
7288,56.5,28.9,2024-06-20 00:48:51.573058
7287,56.5,28.9,2024-06-20 00:48:50.563292
7286,56.5,28.9,2024-06-20 00:48:49.552016
7285,56.5,28.9,2024-06-20 00:48:48.539026
7284,56.7,28.9,2024-06-20 00:48:47.520448
7283,56.7,28.9,2024-06-20 00:48:46.504253
7282,56.8,28.9,2024-06-20 00:48:45.493879
7281,56.8,28.9,2024-06-20 00:48:44.479892
7280,56.7,28.9,2024-06-20 00:48:43.459829
7279,56.7,28.9,2024-06-20 00:48:42.436532
7278,56.7,28.9,2024-06-20 00:48:41.410704
7277,56.7,28.9,2024-06-20 00:48:40.399625
7276,56.8,28.9,2024-06-20 00:48:39.371643
7275,56.8,28.9,2024-06-20 00:48:38.360074
7274,56.9,28.9,2024-06-20 00:48:37.348613
7273,56.9,28.9,2024-06-20 00:48:36.331681
7272,56.8,28.9,2024-06-20 00:48:35.311959
7271,56.8,28.9,2024-06-20 00:48:34.296357
7270,56.7,28.8,2024-06-20 00:48:33.280641
7269,56.7,28.8,2024-06-20 00:48:32.252679
7268,56.5,28.8,2024-06-20 00:48:31.240924
7267,56.5,28.8,2024-06-20 00:48:30.231107
7266,56.5,28.8,2024-06-20 00:48:29.222484
7265,56.5,28.8,2024-06-20 00:48:28.210712
7264,56.5,28.8,2024-06-20 00:48:27.195488
7263,56.5,28.8,2024-06-20 00:48:26.182442
7262,56.7,28.9,2024-06-20 00:48:25.170619
7261,56.7,28.9,2024-06-20 00:48:24.154943
7260,56.8,28.8,2024-06-20 00:48:23.136320
7259,56.8,28.8,2024-06-20 00:48:22.128170
7258,57.0,28.9,2024-06-20 00:48:21.114262
7257,57.0,28.9,2024-06-20 00:48:20.103934
7256,57.1,28.9,2024-06-20 00:48:19.086625
7255,57.1,28.9,2024-06-20 00:48:18.072042
7254,57.0,28.8,2024-06-20 00:48:17.048570
7253,57.0,28.8,2024-06-20 00:48:16.018654
7252,56.9,28.8,2024-06-20 00:48:14.999219
7251,56.9,28.8,2024-06-20 00:48:13.982383
7250,57.0,28.8,2024-06-20 00:48:12.966163
7249,57.0,28.8,2024-06-20 00:48:11.954579
7248,57.0,28.8,2024-06-20 00:48:10.937584
7247,57.0,28.8,2024-06-20 00:48:09.923170
7246,57.0,28.8,2024-06-20 00:48:08.911668
7245,57.0,28.8,2024-06-20 00:48:07.894586
7244,56.9,28.8,2024-06-20 00:48:06.885321
7243,56.9,28.8,2024-06-20 00:48:05.872728
7242,56.8,28.8,2024-06-20 00:48:04.862368
7241,56.8,28.8,2024-06-20 00:48:03.850938
7240,56.8,28.8,2024-06-20 00:48:02.840786
7239,56.8,28.8,2024-06-20 00:48:01.824147
7238,56.7,28.7,2024-06-20 00:48:00.809428
7237,56.7,28.7,2024-06-20 00:47:59.791757
7236,56.6,28.7,2024-06-20 00:47:58.779261
7235,56.6,28.7,2024-06-20 00:47:57.767329
7234,56.7,28.8,2024-06-20 00:47:56.754801
7233,56.7,28.8,2024-06-20 00:47:55.739521
7232,56.8,28.8,2024-06-20 00:47:54.728871
7231,56.8,28.8,2024-06-20 00:47:53.699061
7230,56.8,28.8,2024-06-20 00:47:52.665730
7229,56.8,28.8,2024-06-20 00:47:51.649047
7228,56.9,28.8,2024-06-20 00:47:50.637998
7227,56.9,28.8,2024-06-20 00:47:49.626901
7226,56.9,28.8,2024-06-20 00:47:48.620452
7225,56.9,28.8,2024-06-20 00:47:47.604184
7224,56.8,28.8,2024-06-20 00:47:46.587579
7223,56.8,28.8,2024-06-20 00:47:45.575472
7222,56.8,28.8,2024-06-20 00:47:44.561391
7221,56.8,28.8,2024-06-20 00:47:43.550149
7220,56.7,28.8,2024-06-20 00:47:42.539012
7219,56.7,28.8,2024-06-20 00:47:41.528334
7218,56.7,28.8,2024-06-20 00:47:40.517667
7217,56.7,28.8,2024-06-20 00:47:39.507396
7216,56.5,28.7,2024-06-20 00:47:38.495241
7215,56.5,28.7,2024-06-20 00:47:37.488662
7214,56.5,28.8,2024-06-20 00:47:36.478168
7213,56.5,28.8,2024-06-20 00:47:35.462445
7212,56.4,28.7,2024-06-20 00:47:34.454556
7211,56.4,28.7,2024-06-20 00:47:33.438732
7210,56.5,28.7,2024-06-20 00:47:32.428663
7209,56.5,28.7,2024-06-20 00:47:31.417773
7208,56.5,28.8,2024-06-20 00:47:30.407548
7207,56.5,28.8,2024-06-20 00:47:29.398559
7206,56.5,28.8,2024-06-20 00:47:28.389019
7205,56.5,28.8,2024-06-20 00:47:27.379013
7204,56.5,28.8,2024-06-20 00:47:26.370192
7203,56.5,28.8,2024-06-20 00:47:25.363183
7202,56.4,28.8,2024-06-20 00:47:24.346581
7201,56.4,28.8,2024-06-20 00:47:23.336506
7200,56.4,28.8,2024-06-20 00:47:22.324307
7199,56.4,28.8,2024-06-20 00:47:21.315245
7198,56.5,28.8,2024-06-20 00:47:20.304964
7197,56.5,28.8,2024-06-20 00:47:19.298653
7196,56.6,28.9,2024-06-20 00:47:18.285063
7195,56.6,28.9,2024-06-20 00:47:17.276185
7194,56.8,28.9,2024-06-20 00:47:16.263970
7193,56.8,28.9,2024-06-20 00:47:15.238790
7192,56.9,28.8,2024-06-20 00:47:14.219753
7191,56.9,28.8,2024-06-20 00:47:13.214393
7190,57.0,28.9,2024-06-20 00:47:12.202822
7189,57.0,28.9,2024-06-20 00:47:11.192725
7188,56.9,28.9,2024-06-20 00:47:10.183377
7187,56.9,28.9,2024-06-20 00:47:09.173910
7186,56.7,28.8,2024-06-20 00:47:08.161123
7185,56.7,28.8,2024-06-20 00:47:07.155785
7184,56.8,28.9,2024-06-20 00:47:06.144104
7183,56.8,28.9,2024-06-20 00:47:05.133595
7182,56.8,28.9,2024-06-20 00:47:04.129829
7181,56.8,28.9,2024-06-20 00:47:03.118031
7180,56.8,28.9,2024-06-20 00:47:02.107824
7179,56.8,28.9,2024-06-20 00:47:01.098543
7178,56.9,28.9,2024-06-20 00:47:00.081702
7177,56.9,28.9,2024-06-20 00:46:59.063759
7176,56.9,28.9,2024-06-20 00:46:58.054266
7175,56.9,28.9,2024-06-20 00:46:57.035575
7174,56.8,28.8,2024-06-20 00:46:56.017878
7173,56.8,28.8,2024-06-20 00:46:55.004805
7172,56.6,28.8,2024-06-20 00:46:53.995400
7171,56.6,28.8,2024-06-20 00:46:52.984005
7170,56.3,28.8,2024-06-20 00:46:51.972923
7169,56.3,28.8,2024-06-20 00:46:50.961569
7168,56.2,28.8,2024-06-20 00:46:49.916987
7167,56.2,28.8,2024-06-20 00:46:48.901297
7166,56.2,28.8,2024-06-20 00:46:47.891153
7165,56.2,28.8,2024-06-20 00:46:46.876958
7164,56.3,28.9,2024-06-20 00:46:45.860044
7163,56.3,28.9,2024-06-20 00:46:44.849064
7162,56.3,28.9,2024-06-20 00:46:43.837594
7161,56.3,28.9,2024-06-20 00:46:42.822237
7160,56.2,28.8,2024-06-20 00:46:41.810333
7159,56.2,28.8,2024-06-20 00:46:40.790990
7158,56.3,28.9,2024-06-20 00:46:39.779586
7157,56.3,28.9,2024-06-20 00:46:38.764777
7156,56.3,28.9,2024-06-20 00:46:37.727442
7155,56.3,28.9,2024-06-20 00:46:36.408468
7154,56.2,28.9,2024-06-20 00:46:35.395644
7153,56.2,28.9,2024-06-20 00:46:34.384815
7152,56.3,28.9,2024-06-20 00:46:33.378291
7151,56.3,28.9,2024-06-20 00:46:32.366389
7150,56.4,28.9,2024-06-20 00:46:31.337597
7149,56.4,28.9,2024-06-20 00:46:30.309200
7148,56.4,28.9,2024-06-20 00:46:29.298429
7147,56.4,28.9,2024-06-20 00:46:28.278721
7146,56.4,28.9,2024-06-20 00:46:27.260910
7145,56.4,28.9,2024-06-20 00:46:26.246278
7144,56.4,28.9,2024-06-20 00:46:25.235894
7143,56.4,28.9,2024-06-20 00:46:24.226417
7142,56.2,28.9,2024-06-20 00:46:23.216796
7141,56.2,28.9,2024-06-20 00:46:22.202097
7140,56.0,28.9,2024-06-20 00:46:21.184086
7139,56.0,28.9,2024-06-20 00:46:20.168203
7138,56.1,28.9,2024-06-20 00:46:19.163948
7137,56.1,28.9,2024-06-20 00:46:18.151583
7136,56.1,28.9,2024-06-20 00:46:17.136404
7135,56.1,28.9,2024-06-20 00:46:16.113448
7134,56.2,29.0,2024-06-20 00:46:15.097076
7133,56.2,29.0,2024-06-20 00:46:14.081536
7132,56.3,29.0,2024-06-20 00:46:13.070282
7131,56.3,29.0,2024-06-20 00:46:12.052353
7130,56.3,29.0,2024-06-20 00:46:11.030777
7129,56.3,29.0,2024-06-20 00:46:10.018493
7128,56.4,29.0,2024-06-20 00:46:08.996346
7127,56.4,29.0,2024-06-20 00:46:07.982017
7126,56.5,29.0,2024-06-20 00:46:06.976978
7125,56.5,29.0,2024-06-20 00:46:05.966532
7124,56.5,29.0,2024-06-20 00:46:04.953011
7123,56.5,29.0,2024-06-20 00:46:03.945601
7122,56.6,29.0,2024-06-20 00:46:02.931077
7121,56.6,29.0,2024-06-20 00:46:01.919223
7120,56.6,29.0,2024-06-20 00:46:00.911054
7119,56.6,29.0,2024-06-20 00:45:59.895031
7118,56.6,29.0,2024-06-20 00:45:58.865433
7117,56.6,29.0,2024-06-20 00:45:57.855784
7116,56.5,29.0,2024-06-20 00:45:56.842648
7115,56.5,29.0,2024-06-20 00:45:55.826611
7114,56.6,29.0,2024-06-20 00:45:54.817885
7113,56.6,29.0,2024-06-20 00:45:53.794557
7112,56.6,29.0,2024-06-20 00:45:52.783825
7111,56.6,29.0,2024-06-20 00:45:51.777931
7110,56.6,29.0,2024-06-20 00:45:50.765941
7109,56.6,29.0,2024-06-20 00:45:49.753022
7108,56.5,29.0,2024-06-20 00:45:48.693749
7107,56.5,29.0,2024-06-20 00:45:47.642075
7106,56.4,29.0,2024-06-20 00:45:46.631714
7105,56.4,29.0,2024-06-20 00:45:45.628312
7104,56.5,29.0,2024-06-20 00:45:44.618389
7103,56.5,29.0,2024-06-20 00:45:43.607606
7102,56.4,29.0,2024-06-20 00:45:42.587850
7101,56.4,29.0,2024-06-20 00:45:41.574553
7100,56.3,29.0,2024-06-20 00:45:40.565150
7099,56.3,29.0,2024-06-20 00:45:39.558280
7098,56.4,29.1,2024-06-20 00:45:38.548386
7097,56.4,29.1,2024-06-20 00:45:37.531098
7096,56.3,29.0,2024-06-20 00:45:36.495598
7095,56.3,29.0,2024-06-20 00:45:35.485195
7094,56.4,29.1,2024-06-20 00:45:34.475610
7093,56.4,29.1,2024-06-20 00:45:33.465880
7092,56.5,29.1,2024-06-20 00:45:32.455748
7091,56.5,29.1,2024-06-20 00:45:31.445694
7090,56.5,29.1,2024-06-20 00:45:30.432891
7089,56.5,29.1,2024-06-20 00:45:29.422169
7088,56.6,29.1,2024-06-20 00:45:28.410632
7087,56.6,29.1,2024-06-20 00:45:27.401560
7086,56.7,29.1,2024-06-20 00:45:26.386589
7085,56.7,29.1,2024-06-20 00:45:25.376443
7084,56.8,29.1,2024-06-20 00:45:24.361834
7083,56.8,29.1,2024-06-20 00:45:23.352240
7082,56.9,29.1,2024-06-20 00:45:22.342388
7081,56.9,29.1,2024-06-20 00:45:21.331981
7080,56.9,29.1,2024-06-20 00:45:20.310234
7079,56.9,29.1,2024-06-20 00:45:19.300420
7078,57.0,29.1,2024-06-20 00:45:18.289683
7077,57.0,29.1,2024-06-20 00:45:17.276206
7076,57.0,29.1,2024-06-20 00:45:16.264792
7075,57.0,29.1,2024-06-20 00:45:15.255412
7074,57.0,29.1,2024-06-20 00:45:14.245161
7073,57.0,29.1,2024-06-20 00:45:13.231886
7072,57.0,29.1,2024-06-20 00:45:12.222039
7071,57.0,29.1,2024-06-20 00:45:11.211622
7070,57.0,29.1,2024-06-20 00:45:10.203132
7069,57.0,29.1,2024-06-20 00:45:09.193181
7068,57.0,29.1,2024-06-20 00:45:08.185458
7067,57.0,29.1,2024-06-20 00:45:07.174014
7066,56.8,29.0,2024-06-20 00:45:06.162265
7065,56.8,29.0,2024-06-20 00:45:05.153829
7064,56.7,29.0,2024-06-20 00:45:04.144301
7063,56.7,29.0,2024-06-20 00:45:03.133758
7062,56.8,29.0,2024-06-20 00:45:02.125175
7061,56.8,29.0,2024-06-20 00:45:01.113064
7060,57.0,29.1,2024-06-20 00:45:00.101808
7059,57.0,29.1,2024-06-20 00:44:59.092239
7058,57.2,29.1,2024-06-20 00:44:58.068804
7057,57.2,29.1,2024-06-20 00:44:57.039333
7056,57.2,29.0,2024-06-20 00:44:56.030439
7055,57.2,29.0,2024-06-20 00:44:55.009488
7054,57.1,29.0,2024-06-20 00:44:53.993635
7053,57.1,29.0,2024-06-20 00:44:52.957810
7052,57.1,29.0,2024-06-20 00:44:51.942042
7051,57.1,29.0,2024-06-20 00:44:50.931548
7050,57.0,29.0,2024-06-20 00:44:49.917068
7049,57.0,29.0,2024-06-20 00:44:48.893028
7048,56.9,29.0,2024-06-20 00:44:47.866717
7047,56.9,29.0,2024-06-20 00:44:46.858253
7046,56.8,28.9,2024-06-20 00:44:45.849171
7045,56.8,28.9,2024-06-20 00:44:44.837351
7044,56.7,29.0,2024-06-20 00:44:43.826692
7043,56.7,29.0,2024-06-20 00:44:42.817199
7042,56.7,29.0,2024-06-20 00:44:41.795224
7041,56.7,29.0,2024-06-20 00:44:40.763170
7040,56.7,29.0,2024-06-20 00:44:39.747601
7039,56.7,29.0,2024-06-20 00:44:38.727611
7038,56.8,29.0,2024-06-20 00:44:37.704319
7037,56.8,29.0,2024-06-20 00:44:36.694345
7036,56.8,29.0,2024-06-20 00:44:35.683729
7035,56.8,29.0,2024-06-20 00:44:34.668557
7034,57.0,29.0,2024-06-20 00:44:33.653654
7033,57.0,29.0,2024-06-20 00:44:32.642829
7032,57.0,29.0,2024-06-20 00:44:31.622044
7031,57.0,29.0,2024-06-20 00:44:30.601281
7030,56.9,29.0,2024-06-20 00:44:29.590492
7029,56.9,29.0,2024-06-20 00:44:28.577535
7028,56.9,29.0,2024-06-20 00:44:27.572045
7027,56.9,29.0,2024-06-20 00:44:26.561635
7026,56.9,29.0,2024-06-20 00:44:25.550917
7025,56.9,29.0,2024-06-20 00:44:24.545411
7024,56.9,29.0,2024-06-20 00:44:23.528657
7023,56.9,29.0,2024-06-20 00:44:22.517620
7022,57.0,29.0,2024-06-20 00:44:21.513156
7021,57.0,29.0,2024-06-20 00:44:20.502128
7020,57.0,29.0,2024-06-20 00:44:19.491942
7019,57.0,29.0,2024-06-20 00:44:18.485840
7018,56.9,29.0,2024-06-20 00:44:17.476048
7017,56.9,29.0,2024-06-20 00:44:16.466625
7016,56.9,29.0,2024-06-20 00:44:15.454243
7015,56.9,29.0,2024-06-20 00:44:14.437079
7014,56.9,29.0,2024-06-20 00:44:13.424123
7013,56.9,29.0,2024-06-20 00:44:12.419717
7012,56.9,29.0,2024-06-20 00:44:11.409757
7011,56.9,29.0,2024-06-20 00:44:10.396918
7010,56.9,29.0,2024-06-20 00:44:09.391996
7009,56.9,29.0,2024-06-20 00:44:08.381376
7008,57.0,29.0,2024-06-20 00:44:07.370675
7007,57.0,29.0,2024-06-20 00:44:06.364474
7006,56.9,28.9,2024-06-20 00:44:05.352946
7005,56.9,28.9,2024-06-20 00:44:04.339879
7004,56.9,29.0,2024-06-20 00:44:03.322025
7003,56.9,29.0,2024-06-20 00:44:02.312040
7002,56.7,29.0,2024-06-20 00:44:01.301881
7001,56.7,29.0,2024-06-20 00:44:00.259801
7000,56.6,29.0,2024-06-20 00:43:59.243135
6999,56.6,29.0,2024-06-20 00:43:58.218930
6998,56.4,28.9,2024-06-20 00:43:57.207375
6997,56.4,28.9,2024-06-20 00:43:56.193945
6996,56.5,29.0,2024-06-20 00:43:55.178571
6995,56.5,29.0,2024-06-20 00:43:54.167156
6994,56.4,29.0,2024-06-20 00:43:53.154544
6993,56.4,29.0,2024-06-20 00:43:52.143126
6992,56.5,29.0,2024-06-20 00:43:51.132550
6991,56.5,29.0,2024-06-20 00:43:50.122344
6990,56.5,29.0,2024-06-20 00:43:49.110987
6989,56.5,29.0,2024-06-20 00:43:48.100511
6988,56.6,29.0,2024-06-20 00:43:47.083776
6987,56.6,29.0,2024-06-20 00:43:45.866282
6986,56.6,29.0,2024-06-20 00:43:44.855587
6985,56.6,29.0,2024-06-20 00:43:43.842671
6984,56.6,29.0,2024-06-20 00:43:42.831905
6983,56.6,29.0,2024-06-20 00:43:41.822455
6982,56.5,29.0,2024-06-20 00:43:40.811004
6981,56.5,29.0,2024-06-20 00:43:39.799661
6980,56.5,29.0,2024-06-20 00:43:38.784223
6979,56.5,29.0,2024-06-20 00:43:37.764690
6978,56.5,29.0,2024-06-20 00:43:36.755268
6977,56.5,29.0,2024-06-20 00:43:35.729475
6976,56.4,29.0,2024-06-20 00:43:34.718927
6975,56.4,29.0,2024-06-20 00:43:33.706128
6974,56.4,29.0,2024-06-20 00:43:32.695381
6973,56.4,29.0,2024-06-20 00:43:31.685546
6972,56.6,29.0,2024-06-20 00:43:30.674381
6971,56.6,29.0,2024-06-20 00:43:29.660407
6970,56.6,29.0,2024-06-20 00:43:28.647323
6969,56.6,29.0,2024-06-20 00:43:27.638432
6968,56.5,29.0,2024-06-20 00:43:26.630062
6967,56.5,29.0,2024-06-20 00:43:25.615537
6966,56.7,29.1,2024-06-20 00:43:24.599993
6965,56.7,29.1,2024-06-20 00:43:23.589959
6964,56.7,29.1,2024-06-20 00:43:22.579280
6963,56.7,29.1,2024-06-20 00:43:21.568104
6962,56.6,29.1,2024-06-20 00:43:20.557335
6961,56.6,29.1,2024-06-20 00:43:19.538553
6960,56.6,29.1,2024-06-20 00:43:18.526684
6959,56.6,29.1,2024-06-20 00:43:17.522593
6958,56.7,29.1,2024-06-20 00:43:16.511534
6957,56.7,29.1,2024-06-20 00:43:15.500623
6956,56.9,29.1,2024-06-20 00:43:14.495962
6955,56.9,29.1,2024-06-20 00:43:13.485607
6954,56.9,29.1,2024-06-20 00:43:12.460625
6953,56.9,29.1,2024-06-20 00:43:11.446854
6952,57.0,29.1,2024-06-20 00:43:10.436928
6951,57.0,29.1,2024-06-20 00:43:09.425902
6950,57.1,29.1,2024-06-20 00:43:08.412646
6949,57.1,29.1,2024-06-20 00:43:07.406960
6948,57.0,29.1,2024-06-20 00:43:06.398734
6947,57.0,29.1,2024-06-20 00:43:05.388127
6946,57.0,29.1,2024-06-20 00:43:04.377510
6945,57.0,29.1,2024-06-20 00:43:03.361588
6944,57.0,29.1,2024-06-20 00:43:02.347673
6943,57.0,29.1,2024-06-20 00:43:01.335530
6942,56.8,29.1,2024-06-20 00:43:00.316771
6941,56.8,29.1,2024-06-20 00:42:59.303033
6940,56.8,29.1,2024-06-20 00:42:58.293614
6939,56.8,29.1,2024-06-20 00:42:57.284949
6938,56.8,29.1,2024-06-20 00:42:56.270545
6937,56.8,29.1,2024-06-20 00:42:55.259880
6936,56.9,29.1,2024-06-20 00:42:54.254691
6935,56.9,29.1,2024-06-20 00:42:53.227244
6934,56.8,29.1,2024-06-20 00:42:52.215430
6933,56.8,29.1,2024-06-20 00:42:51.207878
6932,56.8,29.1,2024-06-20 00:42:50.196737
6931,56.8,29.1,2024-06-20 00:42:49.181301
6930,56.6,29.1,2024-06-20 00:42:48.173067
6929,56.6,29.1,2024-06-20 00:42:47.158696
6928,56.6,29.1,2024-06-20 00:42:46.146323
6927,56.6,29.1,2024-06-20 00:42:45.124682
6926,56.6,29.1,2024-06-20 00:42:44.111250
6925,56.6,29.1,2024-06-20 00:42:43.094626
6924,56.7,29.1,2024-06-20 00:42:42.090398
6923,56.7,29.1,2024-06-20 00:42:41.077537
6922,56.9,29.1,2024-06-20 00:42:40.064459
6921,56.9,29.1,2024-06-20 00:42:39.055504
6920,56.9,29.1,2024-06-20 00:42:38.045616
6919,56.9,29.1,2024-06-20 00:42:37.035445
6918,57.0,29.1,2024-06-20 00:42:36.026574
6917,57.0,29.1,2024-06-20 00:42:35.016024
6916,57.1,29.1,2024-06-20 00:42:34.007202
6915,57.1,29.1,2024-06-20 00:42:32.994381
6914,57.1,29.1,2024-06-20 00:42:31.983643
6913,57.1,29.1,2024-06-20 00:42:30.971876
6912,57.1,29.1,2024-06-20 00:42:29.945733
6911,57.1,29.1,2024-06-20 00:42:28.918703
6910,57.0,29.1,2024-06-20 00:42:27.713063
6909,57.0,29.1,2024-06-20 00:42:26.703505
6908,57.0,29.1,2024-06-20 00:42:25.684945
6907,57.0,29.1,2024-06-20 00:42:24.576404
6906,57.0,29.1,2024-06-20 00:42:23.566851
6905,57.0,29.1,2024-06-20 00:42:22.555862
6904,56.9,29.0,2024-06-20 00:42:21.546019
6903,56.9,29.0,2024-06-20 00:42:20.535620
6902,57.0,29.1,2024-06-20 00:42:19.525298
6901,57.0,29.1,2024-06-20 00:42:18.514681
6900,57.2,29.1,2024-06-20 00:42:17.496742
6899,57.2,29.1,2024-06-20 00:42:16.480578
6898,57.2,29.1,2024-06-20 00:42:15.470292
6897,57.2,29.1,2024-06-20 00:42:14.459264
6896,57.2,29.1,2024-06-20 00:42:13.444195
6895,57.2,29.1,2024-06-20 00:42:12.434621
6894,57.2,29.1,2024-06-20 00:42:11.424550
6893,57.2,29.1,2024-06-20 00:42:10.414455
6892,57.0,29.0,2024-06-20 00:42:09.401885
6891,57.0,29.0,2024-06-20 00:42:08.391850
6890,57.2,29.1,2024-06-20 00:42:07.381988
6889,57.2,29.1,2024-06-20 00:42:06.370080
6888,57.1,29.0,2024-06-20 00:42:05.363559
6887,57.1,29.0,2024-06-20 00:42:04.348436
6886,57.4,29.1,2024-06-20 00:42:03.331674
6885,57.4,29.1,2024-06-20 00:42:02.321885
6884,57.3,29.0,2024-06-20 00:42:01.312279
6883,57.3,29.0,2024-06-20 00:42:00.300603
6882,57.4,29.1,2024-06-20 00:41:59.290283
6881,57.4,29.1,2024-06-20 00:41:58.275583
6880,57.3,29.0,2024-06-20 00:41:57.260930
6879,57.3,29.0,2024-06-20 00:41:56.244181
6878,57.3,29.0,2024-06-20 00:41:55.174071
6877,57.3,29.0,2024-06-20 00:41:54.164348
6876,57.3,29.0,2024-06-20 00:41:53.154284
6875,57.3,29.0,2024-06-20 00:41:52.144033
6874,57.4,29.0,2024-06-20 00:41:51.132249
6873,57.4,29.0,2024-06-20 00:41:50.121771
6872,57.4,29.0,2024-06-20 00:41:49.107160
6871,57.4,29.0,2024-06-20 00:41:48.098041
6870,57.4,29.0,2024-06-20 00:41:47.084158
6869,57.4,29.0,2024-06-20 00:41:46.075052
6868,57.4,29.0,2024-06-20 00:41:45.063169
6867,57.4,29.0,2024-06-20 00:41:44.045899
6866,57.3,29.0,2024-06-20 00:41:43.033563
6865,57.3,29.0,2024-06-20 00:41:42.020979
6864,57.4,29.0,2024-06-20 00:41:41.009162
6863,57.4,29.0,2024-06-20 00:41:39.993774
6862,57.3,29.0,2024-06-20 00:41:38.978221
6861,57.3,29.0,2024-06-20 00:41:37.966775
6860,57.2,28.9,2024-06-20 00:41:36.954888
6859,57.2,28.9,2024-06-20 00:41:35.944239
6858,57.2,29.0,2024-06-20 00:41:34.934870
6857,57.2,29.0,2024-06-20 00:41:33.924199
6856,56.9,28.9,2024-06-20 00:41:32.916974
6855,56.9,28.9,2024-06-20 00:41:31.907124
6854,57.0,29.0,2024-06-20 00:41:30.894161
6853,57.0,29.0,2024-06-20 00:41:29.880243
6852,57.0,28.9,2024-06-20 00:41:28.869069
6851,57.0,28.9,2024-06-20 00:41:27.852858
6850,57.3,29.0,2024-06-20 00:41:26.841764
6849,57.3,29.0,2024-06-20 00:41:25.832152
6848,57.5,29.0,2024-06-20 00:41:24.816781
6847,57.5,29.0,2024-06-20 00:41:23.801391
6846,57.6,29.0,2024-06-20 00:41:22.785967
6845,57.6,29.0,2024-06-20 00:41:21.765658
6844,57.5,29.0,2024-06-20 00:41:20.756667
6843,57.5,29.0,2024-06-20 00:41:19.739278
6842,57.6,29.0,2024-06-20 00:41:18.724832
6841,57.6,29.0,2024-06-20 00:41:17.564551
6840,57.5,29.0,2024-06-20 00:41:16.552800
6839,57.5,29.0,2024-06-20 00:41:15.541612
6838,57.6,28.9,2024-06-20 00:41:14.528258
6837,57.6,28.9,2024-06-20 00:41:13.517791
6836,57.5,28.9,2024-06-20 00:41:12.506748
6835,57.5,28.9,2024-06-20 00:41:11.497927
6834,57.5,28.9,2024-06-20 00:41:10.487325
6833,57.5,28.9,2024-06-20 00:41:09.471324
6832,57.5,28.9,2024-06-20 00:41:08.467790
6831,57.5,28.9,2024-06-20 00:41:07.457462
6830,57.4,28.9,2024-06-20 00:41:06.451429
6829,57.4,28.9,2024-06-20 00:41:05.447012
6828,57.3,28.9,2024-06-20 00:41:04.433829
6827,57.3,28.9,2024-06-20 00:41:03.423475
6826,57.3,28.9,2024-06-20 00:41:02.418460
6825,57.3,28.9,2024-06-20 00:41:01.401697
6824,57.3,28.9,2024-06-20 00:41:00.384100
6823,57.3,28.9,2024-06-20 00:40:59.369456
6822,57.2,28.9,2024-06-20 00:40:58.354103
6821,57.2,28.9,2024-06-20 00:40:57.341155
6820,57.2,28.9,2024-06-20 00:40:56.335984
6819,57.2,28.9,2024-06-20 00:40:55.325296
6818,57.1,28.9,2024-06-20 00:40:54.314886
6817,57.1,28.9,2024-06-20 00:40:53.308002
6816,57.1,28.9,2024-06-20 00:40:52.297277
6815,57.1,28.9,2024-06-20 00:40:51.276149
6814,57.1,28.9,2024-06-20 00:40:50.271094
6813,57.1,28.9,2024-06-20 00:40:49.261578
6812,57.1,28.9,2024-06-20 00:40:48.251418
6811,57.1,28.9,2024-06-20 00:40:47.246993
6810,57.3,29.0,2024-06-20 00:40:46.236312
6809,57.3,29.0,2024-06-20 00:40:45.225379
6808,57.3,28.9,2024-06-20 00:40:44.218608
6807,57.3,28.9,2024-06-20 00:40:43.209546
6806,57.4,28.9,2024-06-20 00:40:42.199315
6805,57.4,28.9,2024-06-20 00:40:41.187665
6804,57.3,28.9,2024-06-20 00:40:40.165594
6803,57.3,28.9,2024-06-20 00:40:39.152204
6802,57.2,28.9,2024-06-20 00:40:38.134628
6801,57.2,28.9,2024-06-20 00:40:37.120940
6800,57.2,28.9,2024-06-20 00:40:36.111346
6799,57.2,28.9,2024-06-20 00:40:35.101160
6798,57.1,28.9,2024-06-20 00:40:34.091395
6797,57.1,28.9,2024-06-20 00:40:33.080609
6796,57.0,28.9,2024-06-20 00:40:32.068337
6795,57.0,28.9,2024-06-20 00:40:31.057260
6794,57.0,28.9,2024-06-20 00:40:30.053101
6793,57.0,28.9,2024-06-20 00:40:29.041367
6792,57.0,28.9,2024-06-20 00:40:28.031128
6791,57.0,28.9,2024-06-20 00:40:27.021650
6790,57.1,29.0,2024-06-20 00:40:26.011825
6789,57.1,29.0,2024-06-20 00:40:24.995915
6788,57.0,29.0,2024-06-20 00:40:23.981889
6787,57.0,29.0,2024-06-20 00:40:22.971815
6786,56.9,28.9,2024-06-20 00:40:21.962919
6785,56.9,28.9,2024-06-20 00:40:20.941230
6784,56.9,28.9,2024-06-20 00:40:19.928838
6783,56.9,28.9,2024-06-20 00:40:18.908426
6782,57.0,29.0,2024-06-20 00:40:17.889213
6781,57.0,29.0,2024-06-20 00:40:16.874491
6780,57.0,29.0,2024-06-20 00:40:15.862421
6779,57.0,29.0,2024-06-20 00:40:14.846205
6778,57.1,29.0,2024-06-20 00:40:13.833183
6777,57.1,29.0,2024-06-20 00:40:12.804145
6776,57.2,29.0,2024-06-20 00:40:11.783008
6775,57.2,29.0,2024-06-20 00:40:10.766887
6774,57.4,29.0,2024-06-20 00:40:09.754202
6773,57.4,29.0,2024-06-20 00:40:08.742718
6772,57.6,29.0,2024-06-20 00:40:07.732776
6771,57.6,29.0,2024-06-20 00:40:06.722610
6770,57.5,29.0,2024-06-20 00:40:05.712958
6769,57.5,29.0,2024-06-20 00:40:04.703439
6768,57.4,28.9,2024-06-20 00:40:03.694756
6767,57.4,28.9,2024-06-20 00:40:02.685555
6766,57.3,28.9,2024-06-20 00:40:01.675607
6765,57.3,28.9,2024-06-20 00:40:00.664656
6764,57.2,28.9,2024-06-20 00:39:59.654095
6763,57.2,28.9,2024-06-20 00:39:58.643999
6762,57.2,28.9,2024-06-20 00:39:57.633937
6761,57.2,28.9,2024-06-20 00:39:56.621918
6760,57.2,28.9,2024-06-20 00:39:55.610702
6759,57.2,28.9,2024-06-20 00:39:54.601925
6758,57.1,28.9,2024-06-20 00:39:53.588187
6757,57.1,28.9,2024-06-20 00:39:52.575331
6756,57.1,29.0,2024-06-20 00:39:51.558599
6755,57.1,29.0,2024-06-20 00:39:50.543143
6754,57.2,29.0,2024-06-20 00:39:49.528573
6753,57.2,29.0,2024-06-20 00:39:48.517147
6752,57.2,29.0,2024-06-20 00:39:47.506364
6751,57.2,29.0,2024-06-20 00:39:46.494771
6750,57.3,29.0,2024-06-20 00:39:45.484696
6749,57.3,29.0,2024-06-20 00:39:44.474319
6748,57.2,29.0,2024-06-20 00:39:43.462328
6747,57.2,29.0,2024-06-20 00:39:42.452906
6746,57.2,29.0,2024-06-20 00:39:41.433376
6745,57.2,29.0,2024-06-20 00:39:40.415951
6744,57.2,29.0,2024-06-20 00:39:39.404233
6743,57.2,29.0,2024-06-20 00:39:38.390717
6742,57.3,29.0,2024-06-20 00:39:37.365330
6741,57.3,29.0,2024-06-20 00:39:36.330083
6740,57.3,29.0,2024-06-20 00:39:35.304098
6739,57.3,29.0,2024-06-20 00:39:34.284145
6738,57.2,28.9,2024-06-20 00:39:33.256660
6737,57.2,28.9,2024-06-20 00:39:32.229151
6736,57.2,28.9,2024-06-20 00:39:31.206372
6735,57.2,28.9,2024-06-20 00:39:30.194515
6734,57.3,29.0,2024-06-20 00:39:29.159909
6733,57.3,29.0,2024-06-20 00:39:28.147615
6732,57.3,29.0,2024-06-20 00:39:27.136346
6731,57.3,29.0,2024-06-20 00:39:26.126278
6730,57.2,29.0,2024-06-20 00:39:25.110849
6729,57.2,29.0,2024-06-20 00:39:24.070674
6728,57.1,29.0,2024-06-20 00:39:23.057975
6727,57.1,29.0,2024-06-20 00:39:22.041426
6726,57.0,29.0,2024-06-20 00:39:21.032926
6725,57.0,29.0,2024-06-20 00:39:20.008020
6724,57.0,28.9,2024-06-20 00:39:18.983813
6723,57.0,28.9,2024-06-20 00:39:17.962360
6722,57.2,29.0,2024-06-20 00:39:16.950174
6721,57.2,29.0,2024-06-20 00:39:15.927484
6720,57.2,29.0,2024-06-20 00:39:14.875595
6719,57.2,29.0,2024-06-20 00:39:13.859753
6718,57.1,28.9,2024-06-20 00:39:12.845257
6717,57.1,28.9,2024-06-20 00:39:11.836826
6716,57.1,29.0,2024-06-20 00:39:10.830069
6715,57.1,29.0,2024-06-20 00:39:09.819788
6714,57.0,28.9,2024-06-20 00:39:08.813260
6713,57.0,28.9,2024-06-20 00:39:07.802166
6712,57.0,29.0,2024-06-20 00:39:06.787448
6711,57.0,29.0,2024-06-20 00:39:05.776483
6710,57.0,29.0,2024-06-20 00:39:04.770787
6709,57.0,29.0,2024-06-20 00:39:03.754390
6708,57.0,29.0,2024-06-20 00:39:02.742746
6707,57.0,29.0,2024-06-20 00:39:01.726176
6706,57.1,29.0,2024-06-20 00:39:00.707993
6705,57.1,29.0,2024-06-20 00:38:59.697112
6704,57.0,29.0,2024-06-20 00:38:58.683091
6703,57.0,29.0,2024-06-20 00:38:57.672800
6702,57.1,29.0,2024-06-20 00:38:56.659381
6701,57.1,29.0,2024-06-20 00:38:55.647130
6700,57.2,29.0,2024-06-20 00:38:54.638102
6699,57.2,29.0,2024-06-20 00:38:53.627723
6698,57.2,29.1,2024-06-20 00:38:52.617859
6697,57.2,29.1,2024-06-20 00:38:51.608892
6696,57.1,29.0,2024-06-20 00:38:50.598904
6695,57.1,29.0,2024-06-20 00:38:49.588578
6694,57.1,29.0,2024-06-20 00:38:48.579398
6693,57.1,29.0,2024-06-20 00:38:47.570822
6692,57.1,29.0,2024-06-20 00:38:46.559561
6691,57.1,29.0,2024-06-20 00:38:45.547762
6690,57.2,29.0,2024-06-20 00:38:44.530811
6689,57.2,29.0,2024-06-20 00:38:43.509757
6688,57.1,29.0,2024-06-20 00:38:42.492489
6687,57.1,29.0,2024-06-20 00:38:41.477822
6686,57.0,29.0,2024-06-20 00:38:40.466636
6685,57.0,29.0,2024-06-20 00:38:39.448144
6684,57.0,29.0,2024-06-20 00:38:38.432848
6683,57.0,29.0,2024-06-20 00:38:37.419044
6682,57.0,29.0,2024-06-20 00:38:36.406642
6681,57.0,29.0,2024-06-20 00:38:35.382840
6680,57.1,29.1,2024-06-20 00:38:34.371718
6679,57.1,29.1,2024-06-20 00:38:33.361933
6678,57.0,29.0,2024-06-20 00:38:32.351976
6677,57.0,29.0,2024-06-20 00:38:31.341794
6676,57.1,29.1,2024-06-20 00:38:30.332088
6675,57.1,29.1,2024-06-20 00:38:29.323165
6674,57.1,29.1,2024-06-20 00:38:28.309478
6673,57.1,29.1,2024-06-20 00:38:27.286380
6672,56.8,29.0,2024-06-20 00:38:26.273637
6671,56.8,29.0,2024-06-20 00:38:25.256933
6670,56.9,29.1,2024-06-20 00:38:24.247110
6669,56.9,29.1,2024-06-20 00:38:23.237477
6668,56.9,29.1,2024-06-20 00:38:22.227622
6667,56.9,29.1,2024-06-20 00:38:21.218112
6666,56.9,29.1,2024-06-20 00:38:20.208493
6665,56.9,29.1,2024-06-20 00:38:19.194999
6664,57.0,29.1,2024-06-20 00:38:18.183035
6663,57.0,29.1,2024-06-20 00:38:17.162789
6662,57.1,29.1,2024-06-20 00:38:16.153033
6661,57.1,29.1,2024-06-20 00:38:15.138852
6660,57.3,29.1,2024-06-20 00:38:14.127802
6659,57.3,29.1,2024-06-20 00:38:13.116966
6658,57.3,29.1,2024-06-20 00:38:12.093697
6657,57.3,29.1,2024-06-20 00:38:11.082804
6656,57.3,29.1,2024-06-20 00:38:10.072581
6655,57.3,29.1,2024-06-20 00:38:09.063270
6654,57.2,29.1,2024-06-20 00:38:08.053136
6653,57.2,29.1,2024-06-20 00:38:07.043119
6652,57.1,29.1,2024-06-20 00:38:06.034797
6651,57.1,29.1,2024-06-20 00:38:05.025233
6650,57.1,29.1,2024-06-20 00:38:04.013630
6649,57.1,29.1,2024-06-20 00:38:03.004728
6648,57.1,29.1,2024-06-20 00:38:01.994393
6647,57.1,29.1,2024-06-20 00:38:00.983787
6646,57.1,29.1,2024-06-20 00:37:59.973532
6645,57.1,29.1,2024-06-20 00:37:58.958340
6644,57.1,29.1,2024-06-20 00:37:57.940116
6643,57.1,29.1,2024-06-20 00:37:56.921209
6642,57.0,29.1,2024-06-20 00:37:55.910555
6641,57.0,29.1,2024-06-20 00:37:54.898838
6640,57.0,29.1,2024-06-20 00:37:53.889271
6639,57.0,29.1,2024-06-20 00:37:52.879825
6638,57.1,29.1,2024-06-20 00:37:51.870039
6637,57.1,29.1,2024-06-20 00:37:50.859809
6636,57.2,29.1,2024-06-20 00:37:49.847857
6635,57.2,29.1,2024-06-20 00:37:48.839225
6634,57.1,29.1,2024-06-20 00:37:47.829538
6633,57.1,29.1,2024-06-20 00:37:46.818151
6632,57.0,29.1,2024-06-20 00:37:45.803721
6631,57.0,29.1,2024-06-20 00:37:44.795180
6630,56.9,29.1,2024-06-20 00:37:43.785875
6629,56.9,29.1,2024-06-20 00:37:42.775197
6628,56.9,29.1,2024-06-20 00:37:41.764868
6627,56.9,29.1,2024-06-20 00:37:40.754300
6626,56.9,29.1,2024-06-20 00:37:39.745374
6625,56.9,29.1,2024-06-20 00:37:38.736210
6624,57.0,29.1,2024-06-20 00:37:37.724809
